{
  "alpha_pattern": {},
  "auto_mapping": {
    "base_model_class": "ViTForImageClassification",
    "parent_library": "transformers.models.vit.modeling_vit"
  },
  "base_model_name_or_path": "google/vit-base-patch16-224-in21k",
  "bias": "none",
  "corda_config": null,
  "eva_config": null,
  "exclude_modules": null,
  "fan_in_fan_out": false,
  "inference_mode": true,
  "init_lora_weights": true,
  "layer_replication": null,
  "layers_pattern": null,
  "layers_to_transform": null,
  "loftq_config": {},
  "lora_alpha": 32,
  "lora_bias": false,
  "lora_dropout": 0.1,
  "megatron_config": null,
  "megatron_core": "megatron.core",
  "modules_to_save": [
    "classifier"
  ],
  "peft_type": "LORA",
  "qalora_group_size": 16,
  "r": 16,
  "rank_pattern": {},
  "revision": null,
  "target_modules": [
    "key",
    "query",
    "value"
  ],
  "target_parameters": null,
  "task_type": null,
  "trainable_token_indices": null,
  "use_dora": false,
  "use_qalora": false,
  "use_rslora": false
}